{
  "colors" : [
    {
      "color" : {
        "color-space" : "srgb",
        "components" : {
          "alpha" : "1.000",
          "blue" : "0.122",
          "green" : "0.251",
          "red" : "0.694"
        }
      },
      "display-gamut" : "sRGB",
      "idiom" : "universal"
    },
    {
      "color" : {
        "color-space" : "display-p3",
        "components" : {
          "alpha" : "1.000",
          "blue" : "0.167",
          "green" : "0.281",
          "red" : "0.643"
        }
      },
      "display-gamut" : "display-P3",
      "idiom" : "universal"
    }
  ],
  "info" : {
    "author" : "xcode",
    "version" : 1
  }
}
